code,name
Departments-17456621,name-17456621
Departments-17456622,name-17456622
Departments-17456623,name-17456623
Departments-17456624,name-17456624
Departments-17456625,name-17456625
Departments-17456626,name-17456626
Departments-17456627,name-17456627
Departments-17456628,name-17456628
Departments-17456629,name-17456629
Departments-17456630,name-17456630
Departments-17456631,name-17456631
Departments-17456632,name-17456632
Departments-17456633,name-17456633
Departments-17456634,name-17456634
Departments-17456635,name-17456635
Departments-17456636,name-17456636
Departments-17456637,name-17456637
Departments-17456638,name-17456638
Departments-17456639,name-17456639
Departments-17456640,name-17456640